Customer Name,recency,frequency,monetary,R_Score,F_Score,M_Score,RFM_Score,Segment
Aaron Bergman,416,6,886.156,1,1,1,3,Lost
Aaron Hawkins,13,11,1744.7,5,3,3,11,Loyal
Aaron Smayling,89,10,3050.692,3,2,4,9,At Risk
Adam Bellavance,55,18,7755.62,4,5,5,14,Champion
Adam Hart,35,20,3250.337,4,5,4,13,Champion
Adam Shillingsburg,29,25,3255.31,4,5,4,13,Champion
Adrian Barton,42,20,14473.570999999998,4,5,5,14,Champion
Adrian Hane,61,16,1735.5140000000001,3,4,3,10,Loyal
Adrian Shami,42,3,58.82,4,1,1,6,Lost
Aimee Bixby,42,12,966.71,4,3,2,9,At Risk
Alan Barnes,26,14,1113.838,5,4,2,11,Loyal
Alan Dominguez,30,12,6106.88,4,3,5,12,Loyal
Alan Haines,56,8,1587.452,3,2,2,7,At Risk
Alan Hwang,7,13,4805.344,5,3,5,13,Champion
Alan Schoenberger,23,13,4260.784,5,3,5,13,Champion
Alan Shonely,193,10,503.968,2,2,1,5,Lost
Alejandro Ballentine,167,14,914.5319999999999,2,4,1,7,At Risk
Alejandro Grove,279,14,2582.898,1,4,3,8,At Risk
Alejandro Savely,20,8,3214.236,5,2,4,11,Loyal
Aleksandra Gannaway,119,5,367.548,2,1,1,4,Lost
Alex Avila,185,11,5563.56,2,3,5,10,Loyal
Alex Grayson,9,9,660.972,5,2,1,8,At Risk
Alex Russell,112,5,1055.694,2,1,2,5,Lost
Alice McCarthy,29,12,814.012,4,3,1,8,At Risk
Allen Armold,20,15,1056.39,5,4,2,11,Loyal
Allen Goldenen,115,8,200.945,2,2,1,5,Lost
Allen Rosenblatt,126,7,2236.128,2,1,3,6,Lost
Alyssa Crouse,233,5,925.8,1,1,1,3,Lost
Alyssa Tate,22,8,1166.0720000000001,5,2,2,9,At Risk
Amy Cox,12,9,5527.846,5,2,5,12,Loyal
Amy Hunt,231,8,2495.3916,2,2,3,7,At Risk
Andrew Allen,260,12,1790.5120000000002,1,3,3,7,At Risk
Andrew Gjertsen,79,14,1419.247,3,4,2,9,At Risk
Andrew Roberts,15,7,264.86400000000003,5,1,1,7,At Risk
Andy Gerbode,845,9,1455.038,1,2,2,5,Lost
Andy Reiter,7,9,6608.448,5,2,5,12,Loyal
Andy Yotov,15,10,497.014,5,2,1,8,At Risk
Anemone Ratner,535,2,88.15,1,1,1,3,Lost
Angele Hood,22,5,738.504,5,1,1,7,At Risk
Ann Blume,51,8,1515.862,4,2,2,8,At Risk
Ann Chong,7,18,2537.6859999999997,5,5,3,13,Champion
Ann Steele,93,12,833.398,3,3,1,7,At Risk
Anna Andreadi,56,18,5086.9349999999995,3,5,5,13,Champion
Anna Chung,283,6,657.316,1,1,1,3,Lost
Anna Gayman,98,15,3489.0396000000005,3,4,4,11,Loyal
Anna Häberlin,411,23,7888.294,1,5,5,11,Loyal
Anne McFarland,163,22,5664.022,2,5,5,12,Loyal
Anne Pryor,42,10,545.932,4,2,1,7,At Risk
Annie Thurman,14,16,3831.864,5,4,4,13,Champion
Annie Zypern,161,12,1622.0179999999998,2,3,2,7,At Risk
Anthony Garverick,78,5,170.584,3,1,1,5,Lost
Anthony Jacobs,76,15,4867.344,3,4,5,12,Loyal
Anthony Johnson,167,21,4501.391,2,5,5,12,Loyal
Anthony O'Donnell,502,1,161.28,1,1,1,3,Lost
Anthony Rawles,59,13,4523.336,3,3,5,11,Loyal
Anthony Witt,21,8,649.376,5,2,1,8,At Risk
Arianne Irving,14,18,4375.786,5,5,5,15,Champion
Art Ferguson,42,16,2052.908,4,4,3,11,Loyal
Art Foster,416,7,861.565,1,1,1,3,Lost
Arthur Gainer,97,21,4510.797,3,5,5,13,Champion
Arthur Prichep,99,31,3323.556,3,5,4,12,Loyal
Arthur Wiediger,47,16,2852.968,4,4,4,12,Loyal
Ashley Jarboe,122,9,1829.896,2,2,3,7,At Risk
Astrea Jones,75,5,629.2479999999999,3,1,1,5,Lost
Barbara Fisher,92,13,599.798,3,3,1,7,At Risk
Barry Blumstein,106,8,744.3399999999999,2,2,1,5,Lost
Barry Franz,40,10,1333.88,4,2,2,8,At Risk
Barry Französisch,75,21,2888.506,3,5,4,12,Loyal
Barry Gonzalez,29,12,2798.948,4,3,4,11,Loyal
Barry Pond,84,7,983.42,3,1,2,6,Lost
Barry Weirich,213,3,385.516,2,1,1,4,Lost
Bart Folk,26,6,272.95,5,1,1,7,At Risk
Bart Pistole,18,20,2442.044,5,5,3,13,Champion
Bart Watters,122,17,4750.358,2,4,5,11,Loyal
Becky Castell,203,18,2933.676,2,5,4,11,Loyal
Becky Martin,308,16,11789.63,1,4,5,10,Loyal
Becky Pak,90,11,1697.8609999999999,3,3,3,9,At Risk
Ben Ferrer,17,27,5907.972,5,5,5,15,Champion
Ben Peterman,2,18,3675.861,5,5,4,14,Champion
Ben Wallace,204,10,1738.406,2,2,3,7,At Risk
Benjamin Farhat,66,8,1585.162,3,2,2,7,At Risk
Benjamin Patterson,40,6,1181.49,4,1,2,7,At Risk
Benjamin Venier,335,14,1523.2730000000001,1,4,2,7,At Risk
Berenike Kampe,78,16,659.1379999999999,3,4,1,8,At Risk
Beth Fritzler,58,4,791.9899999999999,3,1,1,5,Lost
Beth Paige,13,16,2475.157,5,4,3,12,Loyal
Beth Thompson,337,9,2567.656,1,2,3,6,Lost
Bill Donatelli,34,19,5718.521,4,5,5,14,Champion
Bill Eplett,120,9,4204.676,2,2,4,8,At Risk
Bill Overfelt,138,12,2682.728,2,3,3,8,At Risk
Bill Shonely,559,9,10501.653,1,2,5,8,At Risk
Bill Stewart,29,13,3887.834,4,3,4,11,Loyal
Bill Tyler,303,10,2186.6130000000003,1,2,3,6,Lost
Bobby Elias,99,5,2261.438,3,1,3,7,At Risk
Bobby Odegard,76,2,130.83,3,1,1,5,Lost
Bobby Trafton,561,7,603.876,1,1,1,3,Lost
Brad Eason,482,10,748.026,1,2,1,4,Lost
Brad Norvell,25,6,265.296,5,1,1,7,At Risk
Brad Thomas,660,3,415.19599999999997,1,1,1,3,Lost
Bradley Drucker,36,10,4411.2429999999995,4,2,5,11,Loyal
Bradley Nguyen,10,17,1459.344,5,4,2,11,Loyal
Bradley Talbott,92,10,2684.4919999999997,3,2,4,9,At Risk
Brenda Bowman,29,20,6765.728,4,5,5,14,Champion
Brendan Dodson,279,4,320.54,1,1,1,3,Lost
Brendan Murry,101,10,808.162,3,2,1,6,Lost
Brendan Sweed,36,10,2454.928,4,2,3,9,At Risk
Brian Dahlen,98,15,2783.189,3,4,4,11,Loyal
Brian DeCherney,70,8,1538.11,3,2,2,7,At Risk
Brian Derr,10,5,582.646,5,1,1,7,At Risk
Brian Moss,34,29,7294.185,4,5,5,14,Champion
Brian Stugart,583,11,3288.1099999999997,1,3,4,8,At Risk
Brian Thompson,21,20,3196.752,5,5,4,14,Champion
Brooke Gillingham,37,8,1874.172,4,2,3,9,At Risk
Brosina Hoffman,24,24,6255.351,5,5,5,15,Champion
Bruce Degenhardt,94,10,1526.5,3,2,2,7,At Risk
Bruce Geld,58,7,1006.356,3,1,2,6,Lost
Bruce Stewart,2,14,2562.382,5,4,3,12,Loyal
Bryan Davis,328,10,658.466,1,2,1,4,Lost
Bryan Mills,219,14,1338.842,2,4,2,8,At Risk
Bryan Spruell,266,8,949.4300000000001,1,2,2,5,Lost
Candace McMahon,132,10,1673.888,2,2,2,6,Lost
Cari Sayre,92,8,1278.954,3,2,2,7,At Risk
Cari Schnelling,163,7,537.632,2,1,1,4,Lost
Carl Jackson,366,1,16.52,1,1,1,3,Lost
Carl Ludwig,107,7,1262.0140000000001,2,1,2,5,Lost
Carl Weiss,23,11,1136.592,5,3,2,10,Loyal
Carlos Daly,41,9,2033.968,4,2,3,9,At Risk
Carlos Meador,708,4,565.392,1,1,1,3,Lost
Carlos Soltero,26,22,3036.547,5,5,4,14,Champion
Carol Adams,97,10,3789.7228,3,2,4,9,At Risk
Carol Darley,55,6,639.766,4,1,1,6,Lost
Carol Triggs,97,18,3241.898,3,5,4,12,Loyal
Caroline Jumper,190,20,11164.974,2,5,5,12,Loyal
Cassandra Brandow,48,22,5730.669,4,5,5,14,Champion
Catherine Glotzbach,50,9,904.4680000000001,4,2,1,7,At Risk
Cathy Armstrong,402,10,1679.7240000000002,1,2,2,5,Lost
Cathy Hwang,691,4,1537.236,1,1,2,4,Lost
Cathy Prescott,83,14,5402.254,3,4,5,12,Loyal
Chad Cunningham,458,12,1685.889,1,3,2,6,Lost
Chad McGuire,9,7,1661.6100000000001,5,1,2,8,At Risk
Chad Sievert,490,7,884.64,1,1,1,3,Lost
Charles Crestani,107,11,2471.65,2,3,3,8,At Risk
Charles McCrossin,27,7,2533.314,5,1,3,9,At Risk
Charles Sheldon,233,8,844.4580000000001,1,2,1,4,Lost
Charlotte Melton,9,7,1475.144,5,1,2,8,At Risk
Chloris Kastensmidt,40,32,3154.855,4,5,4,13,Champion
Chris Cortes,21,21,3670.258,5,5,4,14,Champion
Chris McAfee,386,8,2305.712,1,2,3,6,Lost
Chris Selesnick,27,28,2754.216,5,5,4,14,Champion
Christina Anderson,57,16,2638.3272,3,4,3,10,Loyal
Christina DeMoss,43,13,1205.584,4,3,2,9,At Risk
Christina VanderZanden,255,13,2830.6279999999997,1,3,4,8,At Risk
Christine Abelman,14,11,1421.954,5,3,2,10,Loyal
Christine Kargatis,121,12,2945.321,2,3,4,9,At Risk
Christine Phan,161,14,5817.187,2,4,5,11,Loyal
Christine Sundaresam,7,22,3202.1620000000003,5,5,4,14,Champion
Christopher Conant,44,11,12129.072000000002,4,3,5,12,Loyal
Christopher Martinez,38,10,8954.019999999999,4,2,5,11,Loyal
Christopher Schild,3,14,3651.8585000000003,5,4,4,13,Champion
Christy Brittain,27,12,1949.2,5,3,3,11,Loyal
Chuck Clark,1,19,2870.05,5,5,4,14,Champion
Chuck Magee,437,9,287.99,1,2,1,4,Lost
Chuck Sachs,28,6,550.644,4,1,1,6,Lost
Cindy Chapman,40,13,1659.438,4,3,2,9,At Risk
Cindy Schnelling,425,8,970.1105,1,2,2,5,Lost
Cindy Stewart,59,9,5690.054999999999,3,2,5,10,Loyal
Claire Gute,339,5,1148.7800000000002,1,1,2,4,Lost
Claudia Bergmann,198,16,2574.1455,2,4,3,9,At Risk
Clay Cheatham,28,4,113.832,4,1,1,6,Lost
Clay Ludtke,285,28,10880.546,1,5,5,11,Loyal
Clay Rozendal,58,6,2148.852,3,1,3,7,At Risk
Clytie Kelty,44,25,2372.75,4,5,3,12,Loyal
Corey Catlett,35,12,2540.631,4,3,3,10,Loyal
Corey Roper,471,4,475.9,1,1,1,3,Lost
Corey-Lock,550,8,1300.076,1,2,2,5,Lost
Corinna Mitchell,28,8,5890.508,4,2,5,11,Loyal
Craig Carreira,30,14,2269.7015,4,4,3,11,Loyal
Craig Carroll,799,12,2854.1150000000002,1,3,4,8,At Risk
Craig Leslie,261,7,2335.586,1,1,3,5,Lost
Craig Molinari,1035,13,3984.4524,1,3,4,8,At Risk
Craig Reiter,79,6,1600.55,3,1,2,6,Lost
Craig Yedwab,61,10,2004.0819999999999,3,2,3,8,At Risk
Cyma Kinney,83,14,1582.109,3,4,2,9,At Risk
Cynthia Arntzen,121,17,3041.566,2,4,4,10,Loyal
Cynthia Delaney,400,15,1860.732,1,4,3,8,At Risk
Cynthia Voltz,6,19,2370.3136,5,5,3,13,Champion
Cyra Reiten,86,7,1397.8724,3,1,2,6,Lost
Damala Kotsonis,22,27,3256.48,5,5,4,14,Champion
Dan Campbell,38,18,3336.168,4,5,4,13,Champion
Dan Lawera,101,7,444.024,3,1,1,5,Lost
Dan Reichenbach,4,24,6528.034000000001,5,5,5,15,Champion
Dana Kaydos,46,15,4282.176,4,4,5,13,Champion
Daniel Byrd,22,12,2171.599,5,3,3,11,Loyal
Daniel Lacy,58,14,3272.2,3,4,4,11,Loyal
Daniel Raglin,51,13,8350.868,4,3,5,12,Loyal
Dario Medina,115,9,1322.034,2,2,2,6,Lost
Darren Budd,242,10,2469.6672,1,2,3,6,Lost
Darren Koutras,8,8,1687.04,5,2,2,9,At Risk
Darren Powers,127,15,897.524,2,4,1,7,At Risk
Darrin Martin,58,20,6345.103,3,5,5,13,Champion
Darrin Sayre,94,19,1762.213,3,5,3,11,Loyal
Darrin Van Huff,20,9,1119.483,5,2,2,9,At Risk
Dave Brooks,17,10,4151.51,5,2,4,11,Loyal
Dave Hallsten,278,18,3487.1980000000003,1,5,4,10,Loyal
Dave Kipp,43,13,2650.557,4,3,3,10,Loyal
Dave Poirier,7,14,2215.002,5,4,3,12,Loyal
David Bremer,49,14,2973.094,4,4,4,12,Loyal
David Flashing,700,6,2390.534,1,1,3,5,Lost
David Kendrick,11,5,797.832,5,1,1,7,At Risk
David Philippe,812,4,1058.616,1,1,2,4,Lost
David Smith,24,20,2881.8128,5,5,4,14,Champion
David Wiener,70,9,1080.751,3,2,2,7,At Risk
Dean Braden,10,21,2332.577,5,5,3,13,Champion
Dean Katz,11,19,4802.394,5,5,5,15,Champion
Dean percer,85,29,7198.7609999999995,3,5,5,13,Champion
Deanra Eno,719,9,2550.874,1,2,3,6,Lost
Deborah Brumfield,54,13,4655.897,4,3,5,12,Loyal
Debra Catini,24,7,1174.618,5,1,2,8,At Risk
Deirdre Greer,33,8,3195.818,4,2,4,10,Loyal
Delfina Latchford,23,17,1458.258,5,4,2,11,Loyal
Denise Leinenbach,58,8,585.02,3,2,1,6,Lost
Denise Monton,23,13,4074.4719999999998,5,3,4,12,Loyal
Dennis Bolton,265,6,1081.466,1,1,2,4,Lost
Dennis Kane,20,23,3318.486,5,5,4,14,Champion
Dennis Pardue,359,14,5480.723999999999,1,4,5,10,Loyal
Denny Blanton,188,14,1711.692,2,4,3,9,At Risk
Denny Joy,638,5,2012.52,1,1,3,5,Lost
Denny Ordway,134,13,1300.0315,2,3,2,7,At Risk
Dianna Arnett,353,8,156.76,1,2,1,4,Lost
Dianna Vittorini,30,13,3254.487,4,3,4,11,Loyal
Dianna Wilson,218,11,5271.628,2,3,5,10,Loyal
Dionis Lloyd,77,12,3539.322,3,3,4,10,Loyal
Don Jones,49,13,2501.6879999999996,4,3,3,10,Loyal
Don Miller,482,10,1376.792,1,2,2,5,Lost
Don Weiss,99,9,344.08,3,2,1,6,Lost
Dorothy Badders,108,14,3908.8028,2,4,4,10,Loyal
Dorothy Dickinson,42,9,269.542,4,2,1,7,At Risk
Dorothy Wardle,243,10,1204.854,1,2,2,5,Lost
Dorris liebe,120,6,755.602,2,1,1,4,Lost
Doug Bickford,34,11,1989.05,4,3,3,10,Loyal
Doug Jacobs,13,8,3356.398,5,2,4,11,Loyal
Doug O'Connell,27,11,1267.316,5,3,2,10,Loyal
Duane Benoit,13,10,1155.202,5,2,2,9,At Risk
Duane Huffman,776,11,1043.096,1,3,2,6,Lost
Duane Noonan,218,11,2139.79,2,3,3,8,At Risk
Ed Braxton,49,12,3644.978,4,3,4,11,Loyal
Ed Jacobs,303,8,2162.174,1,2,3,6,Lost
Ed Ludwig,78,2,124.28,3,1,1,5,Lost
Edward Becker,36,20,3236.314,4,5,4,13,Champion
Edward Hooks,136,27,9940.380000000001,2,5,5,12,Loyal
Edward Nazzal,288,9,2199.366,1,2,3,6,Lost
Eileen Kiefer,45,4,1303.478,4,1,2,7,At Risk
Eleni McCrary,133,7,2567.0099999999998,2,1,3,6,Lost
Elizabeth Moffitt,56,16,2339.598,3,4,3,10,Loyal
Ellis Ballard,91,7,964.448,3,1,2,6,Lost
Elpida Rittenbach,422,5,1245.788,1,1,2,4,Lost
Emily Burns,101,11,2767.219,3,3,4,10,Loyal
Emily Ducich,136,14,3484.92,2,4,4,10,Loyal
Emily Grady,23,9,1832.02,5,2,3,10,Loyal
Emily Phan,13,31,5478.0608,5,5,5,15,Champion
Eric Barreto,162,7,944.6000000000001,2,1,2,5,Lost
Eric Hoffmann,218,17,684.1709999999999,2,4,1,7,At Risk
Eric Murdock,152,6,933.704,2,1,2,5,Lost
Erica Bern,1,6,1643.255,5,1,2,8,At Risk
Erica Hackney,406,8,825.9499999999999,1,2,1,4,Lost
Erica Hernandez,3,11,1219.53,5,3,2,10,Loyal
Erica Smith,41,8,3510.4579999999996,4,2,4,10,Loyal
Erin Ashbrook,153,22,2752.441,2,5,4,11,Loyal
Erin Creighton,54,7,461.914,4,1,1,6,Lost
Erin Mull,48,6,228.99,4,1,1,6,Lost
Erin Smith,29,20,4657.924,4,5,5,14,Champion
Eudokia Martin,114,10,1041.0420000000001,2,2,2,6,Lost
Eugene Barchas,114,11,3071.126,2,3,4,9,At Risk
Eugene Hildebrand,153,18,3082.653,2,5,4,11,Loyal
Eugene Moren,49,21,4588.436000000001,4,5,5,14,Champion
Eva Jacobs,58,8,2656.691,3,2,3,8,At Risk
Evan Bailliet,83,7,1186.326,3,1,2,6,Lost
Evan Henry,106,8,923.884,2,2,1,5,Lost
Evan Minnotte,159,4,366.822,2,1,1,4,Lost
Filia McAdams,8,15,2456.638,5,4,3,12,Loyal
Frank Atkinson,98,17,2984.054,3,4,4,11,Loyal
Frank Carlisle,71,14,3418.742,3,4,4,11,Loyal
Frank Gastineau,35,11,1383.144,4,3,2,9,At Risk
Frank Hawley,38,21,4256.272,4,5,4,13,Champion
Frank Merwin,37,20,3736.198,4,5,4,13,Champion
Frank Olsen,39,15,2678.438,4,4,3,11,Loyal
Frank Preis,24,14,4046.746,5,4,4,13,Champion
Fred Chung,185,10,3889.366,2,2,4,8,At Risk
Fred Harton,213,14,2271.284,2,4,3,9,At Risk
Fred Hopkins,6,13,6987.196,5,3,5,13,Champion
Fred McMath,146,14,2523.266,2,4,3,9,At Risk
Fred Wasserman,363,3,79.75,1,1,1,3,Lost
Gary Hansen,76,17,2819.4669999999996,3,4,4,11,Loyal
Gary Hwang,51,10,4172.8460000000005,4,2,4,10,Loyal
Gary McGarr,84,11,3582.8199999999997,3,3,4,10,Loyal
Gary Mitchum,17,12,3078.624,5,3,4,12,Loyal
Gary Zandusky,8,14,4355.150000000001,5,4,5,14,Champion
Gene Hale,388,3,1361.2440000000001,1,1,2,4,Lost
Gene McClure,107,13,1255.682,2,3,2,7,At Risk
George Ashbrook,150,10,3797.2320000000004,2,2,4,8,At Risk
George Bell,63,20,1568.44,3,5,2,10,Loyal
George Zrebassa,158,5,2454.6220000000003,2,1,3,6,Lost
Georgia Rosenberg,1136,5,1284.38,1,1,2,4,Lost
Giulietta Baptist,14,16,4716.288,5,4,5,14,Champion
Giulietta Dortch,6,6,1888.07,5,1,3,9,At Risk
Giulietta Weimer,29,9,2189.019,4,2,3,9,At Risk
Grace Kelly,113,14,6497.27,2,4,5,11,Loyal
Grant Thornton,57,6,9351.212,3,1,5,9,At Risk
Greg Guthrie,44,24,2224.0,4,5,3,12,Loyal
Greg Hansen,3,3,146.94080000000002,5,1,1,7,At Risk
Greg Matthias,153,11,3163.628,2,3,4,9,At Risk
Greg Maxwell,118,11,6049.966,2,3,5,10,Loyal
Greg Tran,37,29,11820.119999999999,4,5,5,14,Champion
Guy Armstrong,6,22,1398.382,5,5,2,12,Loyal
Guy Phonely,765,5,236.53,1,1,1,3,Lost
Guy Thornton,35,7,226.436,4,1,1,6,Lost
Hallie Redmond,14,5,940.588,5,1,2,8,At Risk
Harold Dahlen,769,7,251.36,1,1,1,3,Lost
Harold Engle,13,8,755.462,5,2,1,8,At Risk
Harold Pawlan,31,10,1990.314,4,2,3,9,At Risk
Harold Ryan,160,14,5248.787,2,4,5,11,Loyal
Harry Greene,55,10,785.628,4,2,1,7,At Risk
Harry Marie,3,20,8236.7648,5,5,5,15,Champion
Heather Jas,127,6,358.1,2,1,1,4,Lost
Heather Kirkland,152,15,4877.784,2,4,5,11,Loyal
Helen Abelman,70,10,2163.3,3,2,3,8,At Risk
Helen Andreada,21,18,2584.158,5,5,3,13,Champion
Helen Wasserman,118,15,4827.934,2,4,5,11,Loyal
Henia Zydlo,36,6,886.52,4,1,1,6,Lost
Henry Goldwyn,24,17,3247.642,5,4,4,13,Champion
Henry MacAllister,248,7,736.276,1,1,1,3,Lost
Herbert Flentye,22,19,2533.1639999999998,5,5,3,13,Champion
Hilary Holden,73,6,218.668,3,1,1,5,Lost
Hunter Glantz,7,11,3690.284,5,3,4,12,Loyal
Hunter Lopez,44,11,12873.297999999999,4,3,5,12,Loyal
Ionia McGrath,410,2,48.4,1,1,1,3,Lost
Irene Maddox,391,21,4930.474,1,5,5,11,Loyal
Ivan Gibson,72,7,744.574,3,1,1,5,Lost
Ivan Liston,143,14,5040.736,2,4,5,11,Loyal
Jack Garza,758,7,2358.676,1,1,3,5,Lost
Jack Lebron,9,12,1214.956,5,3,2,10,Loyal
Jack O'Briant,58,13,3254.949,3,3,4,10,Loyal
James Galang,2,18,6366.392,5,5,5,15,Champion
James Lanier,7,7,1571.523,5,1,2,8,At Risk
Jamie Frazer,66,18,2239.606,3,5,3,11,Loyal
Jamie Kunitz,62,12,4262.2919999999995,3,3,5,11,Loyal
Jane Waco,43,14,7721.714,4,4,5,13,Champion
Janet Lee,120,10,2203.7,2,2,3,7,At Risk
Janet Martin,38,19,3159.1220000000003,4,5,4,13,Champion
Janet Molinari,38,13,1804.146,4,3,3,10,Loyal
Jas O'Carroll,93,11,1934.272,3,3,3,9,At Risk
Jason Fortune-,226,14,955.124,2,4,2,8,At Risk
Jason Gross,3,11,2240.58,5,3,3,11,Loyal
Jason Klamczynski,288,4,383.812,1,1,1,3,Lost
Jasper Cacioppo,115,4,71.263,2,1,1,4,Lost
Jay Fein,106,16,1911.844,2,4,3,9,At Risk
Jay Kimmel,45,16,2136.458,4,4,3,11,Loyal
Jenna Caffey,176,4,1058.108,2,1,2,5,Lost
Jennifer Braxton,8,16,1791.605,5,4,3,12,Loyal
Jennifer Ferguson,3,13,2309.432,5,3,3,11,Loyal
Jennifer Halladay,6,7,309.281,5,1,1,7,At Risk
Jennifer Jackson,484,6,709.178,1,1,1,3,Lost
Jennifer Patt,38,15,1669.135,4,4,2,10,Loyal
Jeremy Ellison,194,13,1388.682,2,3,2,7,At Risk
Jeremy Farry,122,14,890.95,2,4,1,7,At Risk
Jeremy Lonsdale,50,17,3173.874,4,4,4,12,Loyal
Jeremy Pistek,9,16,3635.594,5,4,4,13,Champion
Jessica Myrick,103,10,1733.443,3,2,3,8,At Risk
Jesus Ocampo,216,11,1090.838,2,3,2,7,At Risk
Jill Fjeld,55,16,4198.332,4,4,4,12,Loyal
Jill Matthias,1,7,303.948,5,1,1,7,At Risk
Jill Stevenson,120,8,1417.654,2,2,2,6,Lost
Jim Epp,49,20,7754.976,4,5,5,14,Champion
Jim Karlsson,62,12,3760.028,3,3,4,10,Loyal
Jim Kriz,181,12,4760.434,2,3,5,10,Loyal
Jim Mitchum,9,12,864.947,5,3,1,9,At Risk
Jim Radford,594,3,1156.658,1,1,2,4,Lost
Jim Sink,43,9,990.1959999999999,4,2,2,8,At Risk
Jocasta Rupert,69,1,863.88,3,1,1,5,Lost
Joe Elijah,47,22,8697.842999999999,4,5,5,14,Champion
Joe Kamberova,85,19,4769.9,3,5,5,13,Champion
Joel Eaton,52,23,6760.8150000000005,4,5,5,14,Champion
Joel Jenkins,753,3,195.0,1,1,1,3,Lost
John Castell,159,16,2772.055,2,4,4,10,Loyal
John Dryer,118,7,2152.352,2,1,3,6,Lost
John Grady,224,9,1507.018,2,2,2,6,Lost
John Huston,175,8,528.91,2,2,1,5,Lost
John Lee,22,33,9576.343,5,5,5,15,Champion
John Lucas,615,11,2725.256,1,3,4,8,At Risk
John Murray,110,13,7625.076000000001,2,3,5,10,Loyal
John Stevenson,535,9,3868.02,1,2,4,7,At Risk
Jonathan Doherty,395,32,7610.8640000000005,1,5,5,11,Loyal
Jonathan Howell,42,9,959.477,4,2,2,8,At Risk
Joni Blumstein,737,8,900.552,1,2,1,4,Lost
Joni Sundaresam,464,8,469.169,1,2,1,4,Lost
Joni Wasserman,6,10,1049.2379999999998,5,2,2,9,At Risk
Joseph Airdo,93,24,6491.026,3,5,5,13,Champion
Joseph Holt,30,14,7954.9980000000005,4,4,5,13,Champion
Joy Bell-,44,7,644.1188,4,1,1,6,Lost
Joy Daniels,113,11,385.43,2,3,1,6,Lost
Joy Smith,29,18,2516.494,4,5,3,12,Loyal
Julia Barnett,8,9,2518.115,5,2,3,10,Loyal
Julia Dunbar,301,6,695.442,1,1,1,3,Lost
Julia West,462,7,1428.731,1,1,2,4,Lost
Juliana Krohn,29,9,3747.668,4,2,4,10,Loyal
Julie Creighton,58,9,858.576,3,2,1,6,Lost
Julie Kriz,118,17,2932.484,2,4,4,10,Loyal
Julie Prescott,103,13,1707.71,3,3,3,9,At Risk
Justin Deggeller,42,17,8828.0305,4,4,5,13,Champion
Justin Ellison,21,7,2697.248,5,1,4,10,Loyal
Justin Hirsh,405,5,2256.3940000000002,1,1,3,5,Lost
Justin MacKendrick,58,19,2833.9260000000004,3,5,4,12,Loyal
Justin Ritter,34,10,2201.686,4,2,3,9,At Risk
Kalyca Meade,15,19,2260.958,5,5,3,13,Champion
Karen Bern,5,10,3152.6150000000002,5,2,4,11,Loyal
Karen Carlisle,408,10,2120.954,1,2,3,6,Lost
Karen Daniels,485,16,8282.358,1,4,5,10,Loyal
Karen Ferguson,98,18,10604.266,3,5,5,13,Champion
Karen Seio,296,4,88.472,1,1,1,3,Lost
Karl Braun,297,22,1569.464,1,5,2,8,At Risk
Katharine Harms,41,18,3312.864,4,5,4,13,Champion
Katherine Ducich,42,10,1888.964,4,2,3,9,At Risk
Katherine Hughes,2,14,3100.612,5,4,4,13,Champion
Katherine Murray,57,20,5620.186,3,5,5,13,Champion
Katherine Nockton,20,15,2224.0860000000002,5,4,3,12,Loyal
Katrina Bavinger,118,9,908.821,2,2,1,5,Lost
Katrina Edelman,27,12,1453.2812000000001,5,3,2,10,Loyal
Katrina Willman,97,10,4416.5199999999995,3,2,5,10,Loyal
Kean Nguyen,53,8,2171.962,4,2,3,9,At Risk
Kean Takahito,392,14,3057.1,1,4,4,9,At Risk
Kean Thornton,101,13,4642.088400000001,3,3,5,11,Loyal
Keith Dawkins,113,28,8181.256,2,5,5,12,Loyal
Keith Herrera,23,20,5229.695000000001,5,5,5,15,Champion
Kelly Andreada,37,11,1519.506,4,3,2,9,At Risk
Kelly Collister,98,5,3908.262,3,1,4,8,At Risk
Kelly Lampkin,17,22,5016.488,5,5,5,15,Champion
Kelly Williams,771,5,449.096,1,1,1,3,Lost
Ken Black,231,23,2744.742,2,5,4,11,Loyal
Ken Brennan,2,9,983.922,5,2,2,9,At Risk
Ken Dana,290,7,907.158,1,1,1,3,Lost
Ken Heidel,59,17,3918.9660000000003,3,4,4,11,Loyal
Ken Lonsdale,48,29,14175.229000000001,4,5,5,14,Champion
Khloe Miller,16,9,453.538,5,2,1,8,At Risk
Kimberly Carter,58,7,1146.05,3,1,2,6,Lost
Kristen Hastings,3,15,5990.799,5,4,5,14,Champion
Kristina Nunn,99,12,2003.01,3,3,3,9,At Risk
Kunst Miller,29,28,4909.472,4,5,5,14,Champion
Larry Blacks,49,3,50.188,4,1,1,6,Lost
Larry Hughes,152,3,287.426,2,1,1,4,Lost
Larry Tron,27,3,329.876,5,1,1,7,At Risk
Laura Armstrong,155,26,8673.222,2,5,5,12,Loyal
Laurel Beltran,153,24,4985.676,2,5,5,12,Loyal
Laurel Elliston,22,9,1469.45,5,2,2,9,At Risk
Laurel Workman,89,15,2238.061,3,4,3,10,Loyal
Lauren Leatherbury,250,10,2454.554,1,2,3,6,Lost
Lela Donovan,553,1,5.304,1,1,1,3,Lost
Lena Cacioppo,28,30,2580.7039999999997,4,5,3,12,Loyal
Lena Creighton,17,23,7663.126,5,5,5,15,Champion
Lena Hernandez,22,15,2295.332,5,4,3,12,Loyal
Lena Radford,27,16,5142.892,5,4,5,14,Champion
Linda Cazamias,42,14,4492.946,4,4,5,13,Champion
Linda Southworth,179,14,2845.27,2,4,4,10,Loyal
Lindsay Castell,437,7,3246.626,1,1,4,6,Lost
Lindsay Shagiari,21,22,2988.674,5,5,4,14,Champion
Lindsay Williams,34,11,3230.308,4,3,4,11,Loyal
Lisa DeCherney,415,7,1961.934,1,1,3,5,Lost
Lisa Hazard,240,6,318.239,1,1,1,3,Lost
Lisa Ryan,133,12,1879.306,2,3,3,8,At Risk
Liz Carlisle,55,9,2095.064,4,2,3,9,At Risk
Liz MacKendrick,392,7,1346.774,1,1,2,4,Lost
Liz Pelletier,41,9,756.606,4,2,1,7,At Risk
Liz Preis,10,13,3104.439,5,3,4,12,Loyal
Liz Thompson,35,14,2936.252,4,4,4,12,Loyal
Liz Willingham,206,5,1259.04,2,1,2,5,Lost
Logan Currie,14,19,2633.582,5,5,3,13,Champion
Logan Haushalter,386,19,1739.689,1,5,3,9,At Risk
Lori Olson,3,9,644.35,5,2,1,8,At Risk
Luke Foster,23,16,3930.5089999999996,5,4,4,13,Champion
Luke Schmidt,97,14,1010.2560000000001,3,4,2,9,At Risk
Luke Weiss,22,15,5420.514,5,4,5,14,Champion
Lycoris Saunders,777,6,368.88000000000005,1,1,1,3,Lost
Lynn Smith,35,12,1008.1360000000001,4,3,2,9,At Risk
Magdelene Morse,169,6,1314.023,2,1,2,5,Lost
Marc Crier,77,13,2725.982,3,3,4,10,Loyal
Marc Harrigan,295,10,1691.505,1,2,2,5,Lost
Maria Bertelson,49,19,1548.702,4,5,2,11,Loyal
Maria Etezadi,43,22,10663.728000000001,4,5,5,14,Champion
Maria Zettner,31,6,593.606,4,1,1,6,Lost
Maribeth Dona,118,15,2716.412,2,4,4,10,Loyal
Maribeth Schnelling,274,24,7443.6900000000005,1,5,5,11,Loyal
Maribeth Yedwab,30,13,2254.285,4,3,3,10,Loyal
Marina Lichtenstein,70,20,2722.843,3,5,4,12,Loyal
Maris LaWare,55,14,2885.26,4,4,4,12,Loyal
Mark Cousins,400,10,4432.138,1,2,5,8,At Risk
Mark Haberlin,377,9,400.016,1,2,1,4,Lost
Mark Hamilton,171,9,2146.694,2,2,3,7,At Risk
Mark Packer,719,12,2945.822,1,3,4,8,At Risk
Mark Van Huff,28,15,1560.05,4,4,2,10,Loyal
Mary O'Rourke,73,5,922.487,3,1,1,5,Lost
Mary Zewe,283,10,2564.906,1,2,3,6,Lost
MaryBeth Skach,435,7,475.65599999999995,1,1,1,3,Lost
Mathew Reese,126,6,639.178,2,1,1,4,Lost
Matt Abelman,65,34,4299.161,3,5,5,13,Champion
Matt Collins,28,11,1303.893,4,3,2,9,At Risk
Matt Collister,52,17,2426.067,4,4,3,11,Loyal
Matt Connell,113,18,2258.192,2,5,3,10,Loyal
Matt Hagelstein,156,6,1252.8,2,1,2,5,Lost
Matthew Clasen,190,8,795.154,2,2,1,5,Lost
Matthew Grinstein,30,14,3785.276,4,4,4,12,Loyal
Maureen Fritzler,422,8,937.039,1,2,2,5,Lost
Maureen Gastineau,93,10,2350.188,3,2,3,8,At Risk
Maureen Gnade,556,7,1342.282,1,1,2,4,Lost
Maurice Satty,414,15,1613.402,1,4,2,7,At Risk
Max Engle,29,13,1908.4532,4,3,3,10,Loyal
Max Jones,23,15,6320.746,5,4,5,14,Champion
Max Ludwig,30,13,2071.9139999999998,4,3,3,10,Loyal
Maxwell Schwartz,122,19,3144.678,2,5,4,11,Loyal
Maya Herman,99,11,2203.7780000000002,3,3,3,9,At Risk
Meg O'Connel,105,11,1687.0269999999998,3,3,2,8,At Risk
Meg Tillman,50,10,2890.139,4,2,4,10,Loyal
Melanie Seite,453,5,370.348,1,1,1,3,Lost
Michael Chen,2,14,3805.714,5,4,4,13,Champion
Michael Dominguez,37,8,1204.91,4,2,2,8,At Risk
Michael Grace,117,7,1242.8329999999999,2,1,2,5,Lost
Michael Granlund,100,13,776.384,3,3,1,7,At Risk
Michael Kennedy,29,17,2302.368,4,4,3,11,Loyal
Michael Moore,8,15,3640.2560000000003,5,4,4,13,Champion
Michael Nguyen,35,10,2477.946,4,2,3,9,At Risk
Michael Oakman,181,4,154.288,2,1,1,4,Lost
Michael Paige,73,20,3983.6420000000003,3,5,4,12,Loyal
Michael Stewart,27,11,855.116,5,3,1,9,At Risk
Michelle Arnett,187,12,2453.284,2,3,3,8,At Risk
Michelle Ellison,93,6,1256.944,3,1,2,6,Lost
Michelle Huthwaite,50,10,2984.948,4,2,4,10,Loyal
Michelle Lonsdale,80,4,742.082,3,1,1,5,Lost
Michelle Moray,62,19,2749.881,3,5,4,12,Loyal
Michelle Tran,204,11,1319.4498,2,3,2,7,At Risk
Mick Brown,45,10,1428.231,4,2,2,8,At Risk
Mick Crebagga,42,19,2218.98,4,5,3,12,Loyal
Mick Hernandez,6,22,5503.093,5,5,5,15,Champion
Mike Caudle,370,11,1581.9979999999998,1,3,2,6,Lost
Mike Gockenbach,85,8,3061.543,3,2,4,9,At Risk
Mike Kennedy,241,11,1031.602,1,3,2,6,Lost
Mike Pelletier,17,18,4757.332,5,5,5,15,Champion
Mike Vittorini,20,11,1734.574,5,3,3,11,Loyal
Mitch Gastineau,265,2,16.739,1,1,1,3,Lost
Mitch Webber,18,14,5341.900000000001,5,4,5,14,Champion
Mitch Willingham,45,3,5253.876,4,1,5,10,Loyal
Monica Federle,8,12,1758.3,5,3,3,11,Loyal
Muhammed Lee,101,3,162.232,3,1,1,5,Lost
Muhammed MacIntyre,86,12,775.414,3,3,1,7,At Risk
Muhammed Yedwab,72,19,3601.88,3,5,4,12,Loyal
Nancy Lomonaco,59,10,1418.0900000000001,3,2,2,7,At Risk
Naresj Patel,26,21,5529.62,5,5,5,15,Champion
Nat Carroll,225,17,2461.404,2,4,3,9,At Risk
Nat Gilpin,49,16,1869.58,4,4,3,11,Loyal
Natalie DeCherney,28,18,4326.139,4,5,5,14,Champion
Natalie Fritzler,80,13,8080.474,3,3,5,11,Loyal
Natalie Webber,173,22,7234.014,2,5,5,12,Loyal
Nathan Cano,42,14,2218.9900000000002,4,4,3,11,Loyal
Nathan Gelder,49,9,1395.9379999999999,4,2,2,8,At Risk
Nathan Mautz,161,14,6459.344,2,4,5,11,Loyal
Neil Ducich,184,8,2893.455,2,2,4,8,At Risk
Neil Französisch,526,4,377.16200000000003,1,1,1,3,Lost
Neil Knudson,71,11,572.048,3,3,1,7,At Risk
Neola Schneider,7,15,2575.863,5,4,3,12,Loyal
Neoma Murray,245,15,2161.979,1,4,3,8,At Risk
Nick Crebassa,7,15,8241.739,5,4,5,14,Champion
Nick Radford,211,13,2367.277,2,3,3,8,At Risk
Nick Zandusky,86,20,2488.31,3,5,3,11,Loyal
Nicole Brennan,1166,2,273.87199999999996,1,1,1,3,Lost
Nicole Fjeld,115,12,2031.472,2,3,3,8,At Risk
Nicole Hansen,190,9,2518.6659999999997,2,2,3,7,At Risk
Noah Childs,205,9,1821.742,2,2,3,7,At Risk
Noel Staavos,175,23,2857.753,2,5,4,11,Loyal
Nona Balk,20,17,1972.599,5,4,3,12,Loyal
Nora Paige,59,10,3908.402,3,2,4,9,At Risk
Nora Pelletier,407,6,1164.73,1,1,2,4,Lost
Nora Preis,139,13,7903.1825,2,3,5,10,Loyal
Odella Nelson,411,15,1567.52,1,4,2,7,At Risk
Olvera Toch,66,10,3818.624,3,2,4,9,At Risk
Pamela Coakley,3,5,1832.064,5,1,3,9,At Risk
Pamela Stobb,108,21,2181.479,2,5,3,10,Loyal
Parhena Norris,31,13,1467.152,4,3,2,9,At Risk
Patricia Hirasaki,71,2,729.648,3,1,1,5,Lost
Patrick Bzostek,26,10,740.356,5,2,1,8,At Risk
Patrick Gardner,37,26,3086.907,4,5,4,13,Champion
Patrick Jones,40,13,1220.09,4,3,2,9,At Risk
Patrick O'Brill,5,22,7473.8282,5,5,5,15,Champion
Patrick O'Donnell,1,13,2493.214,5,3,3,11,Loyal
Patrick Ryan,37,12,1840.178,4,3,3,10,Loyal
Paul Gonzalez,58,17,1987.164,3,4,3,10,Loyal
Paul Knutson,484,3,1441.152,1,1,2,4,Lost
Paul Lucas,16,8,239.481,5,2,1,8,At Risk
Paul MacIntyre,387,4,1405.402,1,1,2,4,Lost
Paul Prost,98,34,7252.608,3,5,5,13,Champion
Paul Stevenson,70,13,1278.639,3,3,2,8,At Risk
Paul Van Hugh,90,13,2876.046,3,3,4,10,Loyal
Pauline Chand,882,3,1061.488,1,1,2,4,Lost
Pauline Johnson,135,7,1677.536,2,1,2,5,Lost
Pauline Webber,47,13,3454.916,4,3,4,11,Loyal
Penelope Sewall,237,13,6843.634,1,3,5,9,At Risk
Pete Armstrong,104,7,729.408,3,1,1,5,Lost
Pete Kriz,10,25,8646.934,5,5,5,15,Champion
Pete Takahito,72,6,158.46,3,1,1,5,Lost
Peter Bühler,58,5,688.324,3,1,1,5,Lost
Peter Fuller,835,19,9062.864,1,5,5,11,Loyal
Peter McVee,52,7,4115.662,4,1,4,9,At Risk
Philip Brown,98,11,1456.95,3,3,2,8,At Risk
Philip Fox,197,10,2770.0,2,2,4,8,At Risk
Philisse Overcash,161,18,4893.043,2,5,5,12,Loyal
Phillina Ober,87,10,1056.858,3,2,2,7,At Risk
Phillip Breyer,688,2,132.738,1,1,1,3,Lost
Phillip Flathmann,115,10,2206.1279999999997,2,2,3,7,At Risk
Pierre Wener,465,12,3922.4150000000004,1,3,4,8,At Risk
Quincy Jones,245,11,1498.4080000000001,1,3,2,6,Lost
Rachel Payne,497,12,954.6452,1,3,2,6,Lost
Ralph Arnett,6,17,2617.906,5,4,3,12,Loyal
Ralph Kennedy,120,8,1460.192,2,2,2,6,Lost
Ralph Ritter,20,4,615.932,5,1,1,7,At Risk
Randy Bradley,69,6,1008.1959999999999,3,1,2,6,Lost
Randy Ferguson,391,16,3309.15,1,4,4,9,At Risk
Raymond Buch,97,18,15117.339,3,5,5,13,Champion
Raymond Messe,542,5,816.294,1,1,1,3,Lost
Resi Pölking,34,25,5153.084,4,5,5,14,Champion
Ricardo Emerson,1098,1,48.36,1,1,1,3,Lost
Ricardo Sperren,77,9,3221.29,3,2,4,9,At Risk
Richard Bierner,42,13,1864.156,4,3,3,10,Loyal
Richard Eichhorn,303,6,666.52,1,1,1,3,Lost
Rick Bensley,10,23,4715.466,5,5,5,15,Champion
Rick Duston,73,15,4272.93,3,4,5,12,Loyal
Rick Hansen,33,8,3621.3759999999997,4,2,4,10,Loyal
Rick Huthwaite,468,12,6979.18,1,3,5,9,At Risk
Rick Reed,171,10,3302.2619999999997,2,2,4,8,At Risk
Rick Wilson,121,23,7397.401,2,5,5,12,Loyal
Ritsa Hightower,520,3,740.382,1,1,1,3,Lost
Rob Beeghly,26,9,528.546,5,2,1,8,At Risk
Rob Dowd,181,18,2832.904,2,5,4,11,Loyal
Rob Haberlin,535,11,2085.7400000000002,1,3,3,7,At Risk
Rob Lucas,122,24,6234.91,2,5,5,12,Loyal
Rob Williams,90,16,3279.746,3,4,4,11,Loyal
Robert Barroso,649,7,221.084,1,1,1,3,Lost
Robert Dilbeck,115,4,2745.892,2,1,4,7,At Risk
Robert Marley,7,11,5979.0960000000005,5,3,5,13,Champion
Robert Waldorf,80,15,3495.646,3,4,4,11,Loyal
Roger Barcio,55,7,2067.45,4,1,3,8,At Risk
Roger Demir,22,20,1419.737,5,5,2,12,Loyal
Roland Fjeld,90,14,2341.2960000000003,3,4,3,10,Loyal
Roland Murray,300,2,98.35,1,1,1,3,Lost
Roland Schwarz,37,14,4159.7699999999995,4,4,4,12,Loyal
Rose O'Brian,36,12,3815.478,4,3,4,11,Loyal
Ross Baird,33,18,5633.316000000001,4,5,5,14,Champion
Ross DeVincentis,15,16,1137.616,5,4,2,11,Loyal
Roy Collins,370,10,966.409,1,2,2,5,Lost
Roy Französisch,7,10,938.862,5,2,2,9,At Risk
Roy Phan,29,14,2055.356,4,4,3,11,Loyal
Roy Skaria,20,3,22.328,5,1,1,7,At Risk
Ruben Ausman,56,13,3546.224,3,3,4,10,Loyal
Ruben Dartt,115,21,3133.924,2,5,4,11,Loyal
Russell Applegate,13,22,4793.543,5,5,5,15,Champion
Russell D'Ascenzo,43,10,970.9420000000001,4,2,2,8,At Risk
Ryan Akin,62,9,1686.9225,3,2,2,7,At Risk
Ryan Crowe,111,8,652.644,2,2,1,5,Lost
Sally Hughsby,30,24,2465.6594999999998,4,5,3,12,Loyal
Sally Knutson,9,5,883.409,5,1,1,7,At Risk
Sally Matthias,422,6,244.49399999999997,1,1,1,3,Lost
Sam Craven,781,17,3362.9636,1,4,4,9,At Risk
Sam Zeldin,36,20,3625.329,4,5,4,13,Champion
Sample Company A,41,15,4624.572,4,4,5,13,Champion
Sandra Flanagan,60,9,763.5459999999999,3,2,1,6,Lost
Sandra Glassco,9,11,3406.5809999999997,5,3,4,12,Loyal
Sanjit Chand,350,22,14142.333999999999,1,5,5,11,Loyal
Sanjit Engle,10,19,12209.438000000002,5,5,5,15,Champion
Sanjit Jacobs,96,24,3949.656,3,5,4,12,Loyal
Saphhira Shifley,16,21,1324.028,5,5,2,12,Loyal
Sara Luxemburg,71,8,3046.532,3,2,4,9,At Risk
Sarah Bern,202,7,1348.02,2,1,2,5,Lost
Sarah Brown,189,12,6410.996,2,3,5,10,Loyal
Sarah Foster,60,15,3422.7859999999996,3,4,4,11,Loyal
Sarah Jordon,30,10,1341.036,4,2,2,8,At Risk
Scot Coram,150,11,4371.9580000000005,2,3,5,10,Loyal
Scot Wooten,82,10,1085.078,3,2,2,7,At Risk
Scott Cohen,188,18,3729.7929999999997,2,5,4,11,Loyal
Scott Williamson,31,7,1966.65,4,1,3,8,At Risk
Sean Braxton,48,17,8057.891,4,4,5,13,Champion
Sean Christensen,30,10,3650.473,4,2,4,10,Loyal
Sean Miller,80,15,25043.05,3,4,5,12,Loyal
Sean O'Donnell,30,15,2602.5755,4,4,3,11,Loyal
Sean Wendt,163,6,1019.044,2,1,2,5,Lost
Seth Vernon,102,32,11470.949999999999,3,5,5,13,Champion
Shahid Collister,31,20,5992.536,4,5,5,14,Champion
Shahid Hopkins,24,15,2180.718,5,4,3,12,Loyal
Shahid Shariari,111,12,3056.8070000000002,2,3,4,9,At Risk
Sharelle Roach,9,9,3233.481,5,2,4,11,Loyal
Shaun Chance,37,10,1874.998,4,2,3,9,At Risk
Shaun Weien,163,8,2835.564,2,2,4,8,At Risk
Sheri Gordon,184,14,1884.798,2,4,3,9,At Risk
Shirley Daniels,201,21,6121.114,2,5,5,12,Loyal
Shirley Jackson,254,7,1318.776,1,1,2,4,Lost
Shirley Schmidt,492,6,613.4,1,1,1,3,Lost
Shui Tom,126,12,433.34000000000003,2,3,1,6,Lost
Sibella Parks,328,10,1306.086,1,2,2,5,Lost
Skye Norling,112,15,1860.418,2,4,3,9,At Risk
Sonia Cooley,93,6,799.798,3,1,1,5,Lost
Sonia Sunley,433,9,418.49,1,2,1,4,Lost
Speros Goranitis,109,12,3118.892,2,3,4,9,At Risk
Stefania Perrino,48,24,5440.319,4,5,5,14,Champion
Stefanie Holloman,765,2,2096.392,1,1,3,5,Lost
Stephanie Phelps,387,15,1872.4360000000001,1,4,3,8,At Risk
Stephanie Ulpright,21,18,2595.364,5,5,3,13,Champion
Steve Carroll,127,8,1254.64,2,2,2,6,Lost
Steve Chapman,90,14,2576.408,3,4,3,10,Loyal
Steve Nguyen,80,19,3127.9592,3,5,4,12,Loyal
Steven Cartwright,188,26,5226.21,2,5,5,12,Loyal
Steven Roelle,197,12,4345.8859999999995,2,3,5,10,Loyal
Steven Ward,535,8,758.6959999999999,1,2,1,4,Lost
Stewart Carmichael,42,21,4492.657,4,5,5,14,Champion
Stewart Visinsky,321,24,3390.105,1,5,4,10,Loyal
Stuart Calhoun,31,5,279.25600000000003,4,1,1,6,Lost
Stuart Van,77,6,1271.0900000000001,3,1,2,6,Lost
Sue Ann Reed,64,21,4767.3415,3,5,5,13,Champion
Sung Chung,415,1,14.112,1,1,1,3,Lost
Sung Pak,80,24,4282.94,3,5,5,13,Champion
Sung Shariari,121,15,964.636,2,4,2,8,At Risk
Susan Gilcrest,227,5,47.946,2,1,1,4,Lost
Susan MacKendrick,607,6,1043.041,1,1,2,4,Lost
Susan Pistek,71,14,3990.689,3,4,4,11,Loyal
Susan Vittorini,3,13,1903.491,5,3,3,11,Loyal
Suzanne McNair,26,20,4464.862,5,5,5,15,Champion
Sylvia Foulston,49,17,3336.535,4,4,4,12,Loyal
Tamara Chand,400,12,19052.218,1,3,5,9,At Risk
Tamara Dahlen,38,16,1434.5480000000002,4,4,2,10,Loyal
Tamara Manning,104,15,2819.026,3,4,4,11,Loyal
Tamara Willingham,65,12,5278.826,3,3,5,11,Loyal
Tanja Norvell,91,12,3130.221,3,3,4,10,Loyal
Ted Butterfield,120,17,1451.361,2,4,2,8,At Risk
Ted Trevino,32,14,4915.602,4,4,5,13,Champion
Thais Sissman,358,2,4.833,1,1,1,3,Lost
Thea Hendricks,345,7,2422.824,1,1,3,5,Lost
Thea Hudgings,59,9,2942.772,3,2,4,9,At Risk
Theone Pippenger,9,16,4454.0560000000005,5,4,5,14,Champion
Theresa Coyne,107,4,1038.26,2,1,2,5,Lost
Theresa Swint,505,17,2163.6240000000003,1,4,3,8,At Risk
Thomas Boland,59,11,3589.296,3,3,4,10,Loyal
Thomas Brumley,50,4,816.1740000000001,4,1,1,6,Lost
Thomas Seio,199,19,5371.09,2,5,5,12,Loyal
Thomas Thornton,184,15,1427.0439999999999,2,4,2,8,At Risk
Tiffany House,118,13,1022.201,2,3,2,7,At Risk
Tim Brockman,350,19,1602.376,1,5,2,8,At Risk
Tim Taslimi,407,3,439.5,1,1,1,3,Lost
Toby Braunhardt,584,11,2198.45,1,3,3,7,At Risk
Toby Carlisle,28,16,4266.812,4,4,5,13,Champion
Toby Gnade,338,9,3058.372,1,2,4,7,At Risk
Toby Ritter,194,7,675.9419999999999,2,1,1,4,Lost
Toby Swindell,227,12,974.7819999999999,2,3,2,7,At Risk
Todd Boyes,147,13,834.328,2,3,1,6,Lost
Todd Sumrall,37,15,11891.751,4,4,5,13,Champion
Tom Ashbrook,70,10,14595.62,3,2,5,10,Loyal
Tom Boeckenhauer,203,16,9108.742,2,4,5,11,Loyal
Tom Prescott,105,10,5329.0048,3,2,5,10,Loyal
Tom Stivers,173,7,2054.14,2,1,3,6,Lost
Tonja Turnell,13,14,5364.808,5,4,5,14,Champion
Tony Chapman,154,11,1244.976,2,3,2,7,At Risk
Tony Molinari,131,4,1094.6779999999999,2,1,2,5,Lost
Tony Sayre,12,14,2243.274,5,4,3,12,Loyal
Tracy Blumstein,108,20,4737.486,2,5,5,12,Loyal
Tracy Collins,5,10,742.5580000000001,5,2,1,8,At Risk
Tracy Hopkins,73,13,4234.0960000000005,3,3,4,10,Loyal
Tracy Poddar,351,10,1936.6399999999999,1,2,3,6,Lost
Tracy Zic,36,9,1707.286,4,2,3,9,At Risk
Troy Blackwell,286,5,1240.871,1,1,2,4,Lost
Troy Staebel,56,11,2820.424,3,3,4,10,Loyal
Trudy Brown,31,15,2797.668,4,4,4,12,Loyal
Trudy Glocke,115,10,2074.661,2,2,3,7,At Risk
Trudy Schmidt,239,14,3368.094,1,4,4,9,At Risk
Valerie Dominguez,582,16,6442.254,1,4,5,10,Loyal
Valerie Mitchum,55,11,1160.116,4,3,2,9,At Risk
Valerie Takahito,1000,9,1736.596,1,2,3,6,Lost
Vicky Freymann,14,11,847.944,5,3,1,9,At Risk
Victor Preis,31,5,993.9019999999999,4,1,2,7,At Risk
Victoria Brennan,55,10,2005.596,4,2,3,9,At Risk
Victoria Pisteka,76,14,3360.526,3,4,4,11,Loyal
Victoria Wilson,29,18,6134.0380000000005,4,5,5,14,Champion
Vivek Gonzalez,155,8,846.01,2,2,1,5,Lost
Vivek Grady,492,5,418.432,1,1,1,3,Lost
Vivek Sundaresam,222,8,1055.981,2,2,2,6,Lost
Vivian Mathis,118,8,380.69,2,2,1,5,Lost
William Brown,21,35,6129.71,5,5,5,15,Champion
Xylona Preis,44,28,2374.658,4,5,3,12,Loyal
Yana Sorensen,10,12,6720.4439999999995,5,3,5,13,Champion
Yoseph Carroll,5,8,5454.35,5,2,5,12,Loyal
Zuschuss Carroll,55,31,8025.707,4,5,5,14,Champion
Zuschuss Donatelli,203,9,1493.944,2,2,2,6,Lost
